{
  "description": "BRISQUE statistics of dataset images computed across multiple resolutions",
  "created_at": "2026-02-09T17:14:37.987142+00:00",
  "author": "Jan Macalík",
  "num_images": 3,
  "num_resolutions": 6,
  "statistics": [
    {
      "id": 0,
      "img": "/home/honzamac/Edu/m5/Projekt_D/datasets/kaohsiung/selected_r30/20250307_192420.jpg",
      "brisque_score": 29.49419785609163,
      "resolution": [
        4000,
        3000,
        3
      ],
      "data": {
        "scores_rot": [
          29.49419785609163,
          16.022773177032803,
          15.42384943508543,
          10.013135590529117,
          5.8478084125123075,
          6.483830447407939
        ],
        "scores_raw": [
          29.972661794509094,
          19.4410088260357,
          16.375294130480796,
          9.23679988599676,
          6.756228775971039,
          3.152111134860405
        ],
        "times_rot": [
          6.0250632762908936,
          2.120438814163208,
          0.6995847225189209,
          0.2985672950744629,
          0.14441251754760742,
          0.0970001220703125
        ],
        "times_raw": [
          6.0188233852386475,
          2.1200003623962402,
          0.6702334880828857,
          0.2854452133178711,
          0.13547515869140625,
          0.1359996795654297
        ]
      }
    },
    {
      "id": 1,
      "img": "/home/honzamac/Edu/m5/Projekt_D/datasets/kaohsiung/selected_r30/20250307_213843.jpg",
      "brisque_score": 32.65467470032601,
      "resolution": [
        3000,
        4000,
        3
      ],
      "data": {
        "scores_rot": [
          32.65467470032601,
          20.937501433183655,
          25.698598320065997,
          23.564038991506862,
          18.01107734015281,
          14.82454439175919
        ],
        "scores_raw": [
          32.65467470032601,
          20.937501433183655,
          25.698598320065997,
          23.564038991506862,
          18.01107734015281,
          14.82454439175919
        ],
        "times_rot": [
          5.884747266769409,
          2.044858455657959,
          0.6598856449127197,
          0.2830190658569336,
          0.1522364616394043,
          0.09899306297302246
        ],
        "times_raw": []
      }
    },
    {
      "id": 2,
      "img": "/home/honzamac/Edu/m5/Projekt_D/datasets/kaohsiung/selected_r30/20250307_221119.jpg",
      "brisque_score": 32.729743280762904,
      "resolution": [
        4000,
        3000,
        3
      ],
      "data": {
        "scores_rot": [
          32.729743280762904,
          14.64399408222502,
          7.167741914587708,
          2.4337416665540275,
          3.088798929875196,
          5.253702194929446
        ],
        "scores_raw": [
          33.79901425556292,
          17.805058879734332,
          12.751935032630826,
          5.488032455180786,
          8.673541586366099,
          8.315034669421124
        ],
        "times_rot": [
          5.965469121932983,
          2.2555971145629883,
          0.9404416084289551,
          0.40512633323669434,
          0.21158194541931152,
          0.15299558639526367
        ],
        "times_raw": [
          6.151579141616821,
          2.5736191272735596,
          0.8823943138122559,
          0.36420726776123047,
          0.18751192092895508,
          0.11899876594543457
        ]
      }
    }
  ]
}