{
  "description": "BRISQUE statistics of dataset images computed across multiple resolutions",
  "created_at": "2026-02-08T21:48:09.302817+00:00",
  "author": "Jan Macalík",
  "num_images": 3,
  "num_resolutions": 6,
  "statistics": [
    {
      "id": 0,
      "img": "/home/honzamac/Edu/m5/Projekt_D/datasets/kaohsiung/selected_r30/20250307_192420.jpg",
      "brisque_score": 29.494197856087993,
      "resolution": [
        4000,
        3000,
        3
      ],
      "data": {
        "scores_rot": [
          29.494197856087993,
          16.022773177032803,
          15.42384943508543,
          10.013135590529117,
          5.847808412524245,
          6.483830447409417
        ],
        "scores_raw": [
          29.972661794505683,
          19.44100882603263,
          16.375294130468973,
          9.236799886004263,
          6.756228775971039,
          3.1521111348667716
        ],
        "times_rot": [
          6.079201698303223,
          2.12583327293396,
          0.6971173286437988,
          0.2998013496398926,
          0.14525985717773438,
          0.09799027442932129
        ],
        "times_raw": [
          6.019405126571655,
          2.0909502506256104,
          0.67207932472229,
          0.29552578926086426,
          0.13869833946228027,
          0.08400130271911621
        ]
      }
    },
    {
      "id": 1,
      "img": "/home/honzamac/Edu/m5/Projekt_D/datasets/kaohsiung/selected_r30/20250307_213843.jpg",
      "brisque_score": 32.65467470032601,
      "resolution": [
        3000,
        4000,
        3
      ],
      "data": {
        "scores_rot": [
          32.65467470032601,
          20.937501433183655,
          25.698598320065997,
          23.564038991506862,
          18.01107734015281,
          14.82454439174623
        ],
        "scores_raw": [
          32.65467470032601,
          20.937501433183655,
          25.698598320065997,
          23.564038991506862,
          18.01107734015281,
          14.82454439174623
        ],
        "times_rot": [
          5.859019041061401,
          2.029102325439453,
          0.6593091487884521,
          0.28393006324768066,
          0.1334695816040039,
          0.08399796485900879
        ],
        "times_raw": []
      }
    },
    {
      "id": 2,
      "img": "/home/honzamac/Edu/m5/Projekt_D/datasets/kaohsiung/selected_r30/20250307_221119.jpg",
      "brisque_score": 32.729743280766996,
      "resolution": [
        4000,
        3000,
        3
      ],
      "data": {
        "scores_rot": [
          32.729743280766996,
          14.643994082217631,
          7.167741914587708,
          2.4337416665540275,
          3.088798929885087,
          5.253702194928536
        ],
        "scores_raw": [
          33.799014255548826,
          17.805058879734332,
          12.751935032641626,
          5.488032455180786,
          8.673541586366099,
          8.315034669425557
        ],
        "times_rot": [
          5.947399377822876,
          2.119387149810791,
          0.7014687061309814,
          0.37442851066589355,
          0.35186219215393066,
          0.15200328826904297
        ],
        "times_raw": [
          6.1853249073028564,
          2.5506591796875,
          0.8667211532592773,
          0.3748347759246826,
          0.18435430526733398,
          0.11600041389465332
        ]
      }
    }
  ]
}